question,course,document
Where can I find the prerequisites for this course?,data-engineering-zoomcamp,1f6520ca
What prerequisites are required before enrolling in this course?,data-engineering-zoomcamp,1f6520ca
Is there a dedicated page that lists the course prerequisites?,data-engineering-zoomcamp,1f6520ca
Could you point me to the prerequisites section for the DataTalksClub Zoomcamp?,data-engineering-zoomcamp,1f6520ca
How can I access the prerequisites information for this program?,data-engineering-zoomcamp,1f6520ca
"If I join after the start date, is participation still possible?",data-engineering-zoomcamp,7842b56a
Can I submit homework even if I haven't registered for the course?,data-engineering-zoomcamp,7842b56a
Are there deadlines for turning in the final projects I should know about?,data-engineering-zoomcamp,7842b56a
"If I enroll late, will I still be able to meet the final project deadlines?",data-engineering-zoomcamp,7842b56a
How can I avoid leaving everything to the last minute?,data-engineering-zoomcamp,7842b56a
"Do I need to wait for a confirmation email after signing up for the Data Engineering Bootcamp, or am I automatically accepted?",data-engineering-zoomcamp,0bbf41ec
What is the purpose of registration if acceptance is automatic and there is no list check?,data-engineering-zoomcamp,0bbf41ec
Can I start learning and submit homework even if I haven’t signed up?,data-engineering-zoomcamp,0bbf41ec
"Will my enrollment status be tied to any registration list, or is it independent of sign-up?",data-engineering-zoomcamp,0bbf41ec
"If registration is just to gauge interest before the start date, when does actual access begin for participants?",data-engineering-zoomcamp,0bbf41ec
What steps should I take to get ready before the course begins?,data-engineering-zoomcamp,63394d91
"Which dependencies or tools must I install and set up in advance, such as a Google Cloud account, Google Cloud SDK, Terraform, and Git?",data-engineering-zoomcamp,63394d91
"Is Python 3 required, and is it acceptable to install it using Anaconda?",data-engineering-zoomcamp,63394d91
"Should I install Terraform and the Google Cloud SDK before class, and where can I download them?",data-engineering-zoomcamp,63394d91
"Should I review the prerequisites and syllabus ahead of time to assess my readiness, and how can I access them?",data-engineering-zoomcamp,63394d91
"How many Zoom Camps are offered per year, and do they map to distinct courses such as Data-Engineering, MLOps, and Machine Learning?",data-engineering-zoomcamp,2ed9b986
"What are the typical calendars for each camp (Data-Engineering Jan–Apr, MLOps May–Aug, ML Sep–Jan), and do all camps have a live cohort?",data-engineering-zoomcamp,2ed9b986
"Is there a single live cohort per year for every Zoom Camp, including Data-Engineering?",data-engineering-zoomcamp,2ed9b986
"For the Data-Engineering camp aimed at certification, how does the live cohort relate to earning the certificate?",data-engineering-zoomcamp,2ed9b986
"If I’m not pursuing the certificate, can I enroll in any camp at any time, at my own pace, and out of sync with the live schedule?",data-engineering-zoomcamp,2ed9b986
Will this year's cohort be different from last year's?,data-engineering-zoomcamp,93e2c8ed
"What changes were introduced for the 2024 edition compared to 2023, specifically regarding tools and videos?",data-engineering-zoomcamp,93e2c8ed
Which tool is used in 2024 instead of Prefect?,data-engineering-zoomcamp,93e2c8ed
What tool did we use in 2023 in place of Airflow?,data-engineering-zoomcamp,93e2c8ed
Were the Terraform videos re-recorded for the current edition?,data-engineering-zoomcamp,93e2c8ed
"After the course ends, can I still access all materials and study at my own pace?",data-engineering-zoomcamp,a482086d
"Are the homework assignments still available once the course finishes, and can I use them to prepare for the next cohort?",data-engineering-zoomcamp,a482086d
Is it possible to start working on my final capstone project once the course has finished?,data-engineering-zoomcamp,a482086d
Can I continue preparing for the next cohort by reviewing materials and assignments after the course ends?,data-engineering-zoomcamp,a482086d
"What opportunities exist after finishing the course to keep learning or work on related projects, such as the capstone or future cohorts?",data-engineering-zoomcamp,a482086d
"In self-paced learning, can I still get help?",data-engineering-zoomcamp,eb56ae98
Is Slack the supported place to ask questions during self-paced mode?,data-engineering-zoomcamp,eb56ae98
What steps should I take to search for an answer before posting a question?,data-engineering-zoomcamp,eb56ae98
"How can I use the ZoomcampQABot to help search, and should I trust its replies completely?",data-engineering-zoomcamp,eb56ae98
"If answers aren't found in Slack or the FAQ, what's the next step?",data-engineering-zoomcamp,eb56ae98
Which YouTube playlist contains the core Data Engineering course videos to start with?,data-engineering-zoomcamp,4292531b
"How are year-specific videos organized, and where can I find the year-specific playlists (e.g., office hours) for a given year?",data-engineering-zoomcamp,4292531b
"Besides YouTube, what other places link to the main playlist, such as a GitHub repository or Slack channel?",data-engineering-zoomcamp,4292531b
"Where can I access the main playlist via GitHub thumbnails, and do they link to the same content?",data-engineering-zoomcamp,4292531b
"What is the direct link to the main Data Engineering playlist, and where is the same playlist pinned or referenced?",data-engineering-zoomcamp,4292531b
